week,Monday,Tuesday,Wednesday,Thursday,Friday
3-May,0.228716313,3.011442155,1.245730792,3.988142032,1.72674511
10-May,0.769550023,1.404852742,4.954289176,3.888752279,0.395230493
17-May,2.504921227,3.996687338,3.244057729,4.924606949,1.483597499
24-May,2.67748649,0.864182731,0.890107026,4.151007175,1.015034231
